USE HOSPITAL_MANAGEMENT_SYSTEM;

INSERT INTO PERSON VALUES
	('83153586v','Nimal','Jayasooriya','Male','1975-01-05','No.0/25','Kandy Road',NULL,'Kegalle','0712266548','Married','EMPLOYEE'),
	('76485468v','Chamli','Jayatilleka','Male','1996-03-20','No.0/56','Kandy Road','Alawathugoda','Matale','0758809039','Married','PATIENT'),
	('97483173v','Pulasthi','Attygalle','Male','1956-10-25','No.0/89','King St',NULL,'Matale','0777115269','Married','EMPLOYEE'),
	('93062119v','Chinthaka','Palihapitiya','Male','1985-08-11','No.1/05','1st Street','Colombo Road','Kandy','0738608716','Married','DOCTOR'),
	('97584885v','Gunatilleka','Weerakoon','Male','1974-07-03','No.2/69','Matale Rd','Kaikawela','Matale','0746882913','Married','PATIENT'),
	('90014137v','Ransara','Abayaratne','Male','1954-03-13','No.9/78','Mahaiyyawa',NULL,'Kandy','0779917230','Married','DOCTOR'),
	('88239628v','Balasooriya','Amarashinghe','Male','1995-08-20','No.8/96','Kandy Road','Ambatenne','Matale','0778929284','Married','PATIENT'),
	('67997652v','Samith','Khemadasa','Male','1984-09-21','No.7/87','1st Street',NULL,'Kandy','0713501034','Married','EMPLOYEE'),
	('77335728v','Isuru','Siriwardena','Male','1954-06-08','No.8/89','Main St','Kurunegala Rd','Kurunegala','0733666554','Married','PATIENT'),
	('71354304v','Samarathna','Sirisena','Male','1968-03-04','No.9/96','Main Rd','','Kurunegala','0743060925','Married','DOCTOR'),
	('73277202v','Rodni','Corea','Male','1984-04-05','No.7/85','Main St',NULL,'Colombo','0758808010','Married','PATIENT'),
	('69151003v','Nishal','Goonatilake','Male','1989-09-22','No.8/96','2nd St.','Mawanelle Rd','Mawanelle','0712030776','Married','PATIENT'),
	('67904414v','Amarakoon','Fernando','Male','1965-02-01','No.9/63','Kandy Road','Akurana','Matale','0747504800','Married','EMPLOYEE'),
	('83370447v','Dinith','Attygale','Male','1981-03-14','No.9/44','Kady-Matle Road',NULL,'Kandy','0706058689','Married','PATIENT'),
	('82336219v','Ranawaka','Weerathunga','Male','1982-12-25','No.7/12','Matale Rd',NULL,'Kurunegala','0738448921','Married','PATIENT'),
	('88605672v','Khalinga','Wimalasuriya','Male','1978-11-03','No.9/32','Kings St','Matale','Matale','0703678864','Married','DOCTOR'),
	('78305068v','Sumudu','Fonseka','Male','1996-07-11','No.7/41','Main St','Katugasthota','Kandy','0783502341','Married','PATIENT'),
	('77141787v','Damith','Walpola','Male','1969-04-18','No.9/63','Dambulla Rd',NULL,'Kurunegala','0745481866','Married','DOCTOR'),
	('74454262v','Dhananjaya','Athulathmudali','Male','1974-11-04','No.4/63','Kandy Road',NULL,'Peradiniya','0712160033','Married','EMPLOYEE'),
	('81874966v','Dananjaya','Cooray','Male','1969-01-17','No.9/52','Kaikawela','Kaikawela Rd.','Matale','0781954707','Married','EMPLOYEE'),
	('68186156v','Insith','Abeyesundere','Male','1975-03-17','No.3/45','1st Street','Colombo5','Colombo','0723946947','Married','PATIENT'),
	('79187585v','Ambegoda',' Jayatilleke','Male','1969-05-11','No.9/23','Main St','Katugasthota','Kandy','0720109238','Married','EMPLOYEE'),
	('68759045v','Peiris','Guruge','Male','1985-08-14','No.7/52','1st Street',NULL,'Dambulla','0771457610','Married','PATIENT'),
	('71264391v','Rathnajeewa','Jinavamsa','Male','1968-09-14','No.1/23','Main Street','Akurana','Kady','0744055696','Married','EMPLOYEE'),
	('65977649v','Viranga','Malewana','Male','1978-07-27','No.9/63','Main St','Weragama','Matale','0761458158','Married','PATIENT'),
	('84025110v','Upul','Peiris','Male','1977-09-07','No.9/63','Kandy Road',NULL,'Matale','0757947931','Married','PATIENT'),
	('80837549v','Madampe','Weerathunga','Male','1996-02-25','No.7/41','Main Rd',NULL,'Kurunegala','0736000414','Married','PATIENT'),
	('66021822v','Awantha','Fernando','Male','1962-06-27','No.9/63','Main St',NULL,'Kandy','0741707413','Married','PATIENT'),
	('96478991v','Kollure','Kehelgamuwa','Male','1989-08-10','No.77','Dambulla Rd','Naula','Matale','0734635147','Married','DOCTOR'),
	('66494433v','Ekanayake','Serasinghe','Male','1974-02-24','No.7/66','1st Street','Matale Road','Kurunegala','0705169542','Married','PATIENT'),
	('79672731v','Kumarage','Deraniyagala','Male','1969-03-09','No.3/97','Dambulla Rd.','Aluwiharaya','Matale','0753571874','Married','EMPLOYEE'),
	('89015271v','Abeykoon','Wijetunge','Male','1980-08-21','No.7/12','Main Rd','Kegalle St.','Kegalle','0787685413','Married','PATIENT'),
	('70473890v','Gamalath','Weerakoon','Male','1990-11-27','No.1/25','Darmapala Rd.',NULL,'Matale','0716743324','Married','EMPLOYEE'),
	('72594121v','Chalaka','Jayasinha','Male','1996-06-01','No.7/45','Main St','Pahala Weediya','Kegalle','0704452870','Married','PATIENT'),
	('81536122v','Sampath','Moonesinghe','Male','1985-06-26','No.7/53','1st Street',NULL,'Kandy','0705085172','Married','PATIENT'),
	('68461249v','Udash','Gunapala','Male','1964-05-11','No.5/63','Kandy Road','Kumbiyangoda','Matale','0706512585','Married','PATIENT'),
	('94194240v','Irugalbandara','Kulasinghe','Male','1978-11-20','No.7/49','Main Road',NULL,'Kandy','0771443066','Unmarried','PATIENT'),
	('68640994v','Sulaj','Jayamaha','Male','1998-04-22','No.9/99','Matale Rd','Kaikawela','Matale','0720731711','Unmarried','PATIENT'),
	('96702025v','Senanayake','Buddhika','Male','1949-09-13','No.7/50','Main Rd','Rathnapura Rd','Colombo','0766173093','Unmarried','DOCTOR'),
	('74835370v','Jayasundara','Dodangoda','Male','1959-03-09','No.8/54','Maligawa St',NULL,'Kandy','0787961805','Unmarried','PATIENT'),
	('81711352v','Lasitha','Kotiduwakku','Male','1955-06-15','No.4/63','Rose St.','Main Rd','Kurunegala','0780448333','Unmarried','EMPLOYEE'),
	('98195979v','Edirisingha','Seelalankara','Male','1998-10-07','No.54','Main Rd',NULL,'Kegalle','0752927306','Unmarried','PATIENT'),
	('67123821v','Ganepola','Perera','Male','1986-09-22','No.7/44','Matale Rd','Raththota','Matale','0785073364','Unmarried','DOCTOR'),
	('71291371v','Keerthirathne','Atapattu','Male','1978-07-04','No.36','Kandy Rd.','Alwala','Matale','0780063364','Unmarried','DOCTOR'),
	('70349133v','Suraweera','Dewasiri','Male','1989-07-23','No.88','Main St','Matale Rd','Kurunegala','0722242724','Unmarried','EMPLOYEE'),
	('73838935v','Prasantha','Senarath','Male','1999-10-25','No.7/51','Kandy Road',NULL,'Mawanelle','0705643045','Unmarried','PATIENT'),
	('69076622v','Handun','Dodangoda','Male','1978-04-13','No.6/55','Kegalu Rd',NULL,'Kegalle','0713296924','Unmarried','EMPLOYEE'),
	('80532352v','Thimira','Nissanka','Male','1977-04-13','No.1/23','1st Street','Colomo10','Colombo','0740416691','Unmarried','PATIENT'),
	('98882857v','Amilajith','Palihapitiya','Male','1980-04-13','No.5/63','Main Rd','Wattegama','Kandy','0700060413','Unmarried','PATIENT'),
	('69781969v','Pasan','Ranaweera','Male','1998-04-13','No.6/92','Main St',NULL,'Kurunegala','0760777659','Unmarried','DOCTOR'),
	('79014832v','Sanuja','Fonseka','Female','1977-01-27','No.6/54','Kandy Rd',NULL,'Kandy','0761909155','Married','PATIENT'),
	('82175938v','Lakshitha','Bandara','Female','1972-02-14','No.7/22','1st Str','1st Str','Kandy','0773708620','Married','PATIENT'),
	('83219200v','Madhubhashini','Seneviratne','Female','1986-06-08','No.9/55','4th Str',NULL,'Kegalle','0756261662','Married','DOCTOR'),
	('77545260v','Lihini','Kehelgamuwa','Female','1971-06-11','No.2/35','Straight Str','Main Str','Matale','0743295844','Married','PATIENT'),
	('72791039v','Shashi','Medhananda','Female','1977-11-23','No.1/23','Kandy Rd',NULL,'Kurunegala','0771975560','Married','DOCTOR'),
	('71334426v','Menaka','Paranavithana','Female','1982-10-24','No.2/35','Straight Str','4th Str','NuwaraEliya','0714407554','Married','PATIENT'),
	('75511170v','Sewwandi','Vimukthi','Female','1986-03-05','No.6/52','Kandy Rd','Main Str','Kegalle','0747087713','Married','EMPLOYEE'),
	('83922415v','Sarojani','Rathnayake','Female','1970-03-14','No.9/63','2nd Str','Colombo Rd','Kegalle','0762176407','Married','PATIENT'),
	('98206252v','Jeewani','Buddhika','Female','1990-02-19','No.2/01','Kandy Rd',NULL,'Kandy','0766740077','Married','DOCTOR'),
	('72572443v','Dulanki','Atapattu','Female','1987-12-24','No.3/65','2nd Str',NULL,'Matale','0755589974','Married','PATIENT'),
	('98494085v','Rohana','Sumangala','Female','1971-08-21','No.3/54','3rd Str','Main Str','Matale','0730366438','Married','EMPLOYEE'),
	('95435285v','Priyanthini','Dewasiri','Female','1993-08-18','No.9/54','2nd Str',NULL,'Kegalle','0777564760','Married','EMPLOYEE'),
	('96033325v','Hirunika','Hemantha','Female','1981-09-23','No.6/42','Kandy Rd','Main Str','Kandy','0734244249','Married','PATIENT'),
	('65543788v','Oshadhi','Jagath','Female','1990-09-06','No.6/52','Straight Str',NULL,'Matale','0700275303','Married','DOCTOR'),
	('92754335v','Hiranyamali','Medhananda','Female','1965-06-04','No.8/52','1st Str',NULL,'Kandy','0757965402','Married','DOCTOR'),
	('70901619v','Melani','Khemadasa','Female','1987-04-02','No.7/52','Straight Str','4th Str','Kandy','0728050582','Married','EMPLOYEE'),
	('96629387v','Dilaksha','Wichramasinghe','Female','1968-12-04','No.12','Colombo Rd',NULL,'Kegalle','0783969860','Married','EMPLOYEE'),
	('75318094v','Ayesha','Vikkamabahu','Female','1966-04-22',NULL,'Straight Str','3rd Str','Kandy','0730286187','Married','PATIENT'),
	('75932024v','Peshila','Gunasekera','Female','1978-05-12','No.58','2nd Str','Colombo Rd','Kurunegala','0785369801','Married','PATIENT'),
	('91037864v','Theepa','Rajapaksa','Female','1996-05-03','No.49','1st Str','Colombo Rd','Kandy','0702759829','Married','DOCTOR'),
	('66819339v','Sarojani','Wijemanne','Female','1979-07-05','No.75','4th Str',NULL,'Kandy','0748723818','Married','EMPLOYEE'),
	('87996772v','Sasrutha','Peiris','Female','1970-08-20','No.85','Kandy Rd',NULL,'NuwaraEliya','0763498144','Married','PATIENT'),
	('70705948v','Sureni','Bandaranaike','Female','1981-10-17','No.0/52','Kandy Rd',NULL,'Kegalle','0745888520','Married','PATIENT'),
	('83943990v','Lasika','Anula','Female','1994-03-02','No.8/53','','Colombo Rd','Kandy','0715980668','Married','PATIENT'),
	('97385154v','Nelum','Kotiduwakku','Female','1988-12-21','No.7/41','Straight Str',NULL,'Kegalle','0710914224','Married','EMPLOYEE'),
	('96980751v','Lihini','Gunasekara','Female','1966-10-20','No.7/45','Straight Str',NULL,'Matale','0774070721','Married','DOCTOR'),
	('93346786v','Niwanthi','Ranaweera','Female','1995-06-09','No.8/96','2nd Str','4th Str','Kurunegala','0721753581','Married','PATIENT'),
	('95058460v','Madeera','Samaraweera','Female','1995-05-26','No.6/54','Main Str',NULL,'Kandy','0747342825','Married','EMPLOYEE'),
	('92005314v','Pramila','Dahanayake','Female','1983-08-19','No.4/55','3rd Str','Colombo Rd','Kandy','0782066081','Married','PATIENT'),
	('90026253v','Dhanushka','Gunasekera','Female','1997-05-22','No.54','2nd Str',NULL,'Kandy','0720652583','Married','DOCTOR'),
	('69677865v','Dhanoja','Iriyagolla','Female','1983-09-18','No.125','2nd Str',NULL,'NuwaraEliya','0707849437','Married','EMPLOYEE'),
	('97648149v','Pradeepanie','Corea','Female','1986-02-05','No.1','Kandy Rd',NULL,'Kandy','0714914256','Married','PATIENT'),
	('97016105v','Udeshika','Gunawardena','Female','1975-01-01','No.78','4th Str',NULL,'Kegalle','0786145493','Married','EMPLOYEE'),
	('79651507v','Subodha','Fonseca','Female','1973-05-15','No.20','1st Str','Main Str','NuwaraEliya','0764271569','Unmarried','PATIENT'),
	('72359381v','Saumya','Amarasinghe','Female','1987-01-27','No.63','Straight Str','4th Str','Matale','0730092190','Unmarried','PATIENT'),
	('71477365v','Yasami','Dahanayake','Female','1987-01-20','No.58','Straight Str',NULL,'Kandy','0769503485','Unmarried','DOCTOR'),
	('92663811v','Kiyoma','Ranaweera','Female','1987-05-10','No.96','3rd Str','Colombo Rd','Kegalle','0738628428','Unmarried','PATIENT'),
	('91703360v','Yashodha','Dutugemunu','Female','1993-06-01','No.55','Main Str',NULL,'Matale','0763326835','Unmarried','EMPLOYEE'),
	('83229888v','Dushyanthi','Perera','Female','1992-05-21','No.410','4th Str','Kandy Rd','Kandy','0789578215','Unmarried','PATIENT'),
	('93978079v','Krishani','Gunewardena','Female','1991-11-04','No.50','3rd Str','Kandy Rd','Kandy','0728801468','Unmarried','DOCTOR'),
	('67144676v','Vidumini','Dutugemunu','Female','1974-06-06','No.4/52','Kandy Rd',NULL,'Kegalle','0719484842','Unmarried','EMPLOYEE'),
	('69145676v','Gaya','Gabadamudalige','Female','1997-02-09',NULL,'1st Str','Colombo Rd','Kurunegala','0771943247','Unmarried','PATIENT'),
	('97104676v','Nileshi','Anula','Female','1996-11-09','No.88/5','1st Str','Main Str','Kandy','0701061650','Unmarried','PATIENT'),
	('77145676v','Ruwanthika','Gunaratne','Female','1992-08-08','No.9/55','4th Str',NULL,'Kandy','0726033646','Unmarried','DOCTOR'),
	('88144076v','Dinuli','Silu','Female','1986-04-05','No.5/44','Kandy Rd','Main Str','Kurunegala','0770567187','Unmarried','PATIENT'),
	('92123674v','Sumithra','Amarasinghe','Female','1985-06-20','No.5/8','Kandy Rd',NULL,'Kegalle','0701804843','Unmarried','EMPLOYEE'),
	('77147675v','Asela','Gooneratne','Female','1965-05-27','No.5/4','Straight Str','4th Str','Matale','0731293851','Unmarried','PATIENT'),
	('69104678v','Dharani','Samarasinghe','Female','1988-07-04','No.7/53','4th Str','Main Str','NuwaraEliya','0747340025','Unmarried','DOCTOR'),
	('77318094v','Achini','Samarakoon','Female','1971-04-07','No.6/52','Straight Str',NULL,'Kegalle','0755980668','Unmarried','PATIENT');

INSERT INTO DEPENDENT VALUES
	('Jayamanne Samaranayake','1980-04-14','Male','Brother','73277202v'),
	('Meeriyagalla Wijeratne','1970-05-12','Male','Brother','77141787v'),
	('Deshadhi Kannangara','1997-10-01','Female','Spouse','73838935v'),
	('Sarojani Senanayake','1962-11-02','Female','Mother','69677865v'),
	('Supun Atapattu','1972-11-02','Male','Spouse','97016105v'),
	('Sarojani Senanayake','1980-02-12','Female','Spouse','88605672v'),
	('Shashirangana Dhanapala','1960-11-11','Female','Father','68759045v'),
	('Ganepola Sirisena','1978-01-04','Male','Brother','84025110v'),
	('Yashodha Kapuga','1977-02-04','Female','Spouse','66494433v'),
	('Erandi Weerasekara','1987-04-10','Female','Spouse','81536122v'),
	('Bandara Jinavamsa','1968-10-25','Male','Spouse','83922415v'),
	('Jayashani Maitreya','1978-05-10','Female','Mother','98195979v'),
	('Charitha Jayewardene','1982-11-10','Female','Sister','98882857v'),
	('Dulangi Samarasinghe','1992-10-22','Female','Sister','65543788v'),
	('Deepal Kehelgamuwa','1968-04-15','Male','Father','98206252v'),
	('Hiruni Kularatne','1970-11-12','Female','Mother','65543788v'),
	('Prasadi Rathnayake','1980-11-15','Female','Sister','70705948v'),
	('Sudath Addararachchi','1986-04-07','Male','Spouse','72359381v'),
	('Chamari Kehelgamuwa','1950-12-12','Female','Mother','87996772v'),
	('Srithilake Jayakody','1960-01-22','Male','Father','69145676v'),
	('Hasani Gunananda','1970-01-05','Female','Mother','93346786v');
    
INSERT INTO DOCTOR VALUES
    ('93062119v', 'Pediatrician', 'e:`R1gGn'),
    ('90014137v', 'Surgeon', 'PtSg7oA5'),
    ('71354304v', 'Psychiatrist', 'ucr5?rti'),
    ('88605672v', 'Surgeon', 'pR^ikBqt'),
    ('77141787v', 'Cardiologist', 'HhCfMjx='),
    ('96478991v', 'Dermatologist', '[o^j^sOG'),
    ('96702025v', 'Cardiologist', '2y_RRNA0'),
    ('67123821v', 'Surgeon', 'EQ4j49s_'),
    ('71291371v', 'Neurologist', 'H?vzX4B['),
    ('69781969v', 'Dermatologist', 'wAACq_rY'),
    ('83219200v', 'Cardiologist', '6uDyV2?g'),
    ('72791039v', 'Pediatrician', '7`I[q9T8'),
    ('98206252v', 'Radiologist', 'iCgPkeum'),
    ('65543788v', 'Psychiatrist', 'eV^P40Vw'),
    ('92754335v', 'Dermatologist', 'aHVXYoO4'),
    ('91037864v', 'Gynecologist', 'ICt?z6D='),
    ('96980751v', 'Neurologist', '2z0xYBUd'),
    ('90026253v', 'Psychiatrist', '5=OXRvoA'),
    ('71477365v', 'Surgeon', '6LOew0g?'),
    ('93978079v', 'Dermatologist', 'mMhEOOJM'),
    ('77145676v', 'Pediatrician', '4_OngH@6'),
    ('69104678v', 'Cardiologist', '=qTrs[dZ');
    
INSERT INTO SECTION VALUES
    ('Administration', '0812981299', 1, '83219200v', '2019-05-03'),
    ('Emergency', '0819817238', 2, '93062119v', '2019-10-03'),
    ('Operation Theatre', '0819879872', 3, '96702025v', '2016-02-12'),
    ('ICU', '0810192812', 4, '72791039v', '2017-02-19'),
    ('Clinic', '0810913741', 5, '77145676v', '2019-12-25'),
    ('Pharmacy', '0810123809', 6, '90014137v', '2018-04-04'),
    ('OPD', '0811872387', 7, '67123821v', '2019-02-28'),
    ('Transport', '0712380990', 8, '71354304v', '2019-07-30'),
    ('Sterilization', '0719839820', 9, '90026253v', '2016-08-28'),
    ('Nutrition', '0771982098', 10, '98206252v', '2019-10-10'),
    ('Laboratory', '0710938100', 11, '71291371v', '2017-02-04'),
    ('Management', '0751023890', 12, '88605672v', '2016-05-30'),
    ('Physiotheropy', '0771973298', 13, '65543788v', '2019-11-28'),
    ('Cardiology', '0761923091', 14, '92754335v', '2019-04-20'),
    ('ENT', '0765419836', 15, '71477365v', '2019-01-10'),
    ('Neurology', '0785973915', 16, '91037864v', '2017-02-11'),
    ('Orthopedics', '0706510928', 17, '93978079v', '2018-09-09'),
    ('Sexual Health', '0701923871', 18, '77141787v', '2019-01-31'),
    ('Urology', '0768917361', 19, '96980751v', '2019-11-12'),
    ('Radiology', '0719832165', 20, '96478991v', '2019-12-10');
    
INSERT INTO H_RESOURCE VALUES
    ('Hospital Bed', 'Medtronic PLC', 5, 'Emergency', '2016-03-07'),
    ('Hospital Bed', 'Medtronic PLC', 3, 'Operation Theatre', '2016-03-07'),
    ('Hospital Bed', 'Medtronic PLC', 10, 'ICU', '2016-03-07'),
    ('Hospital Bed', 'Medtronic PLC', 3, 'Clinic', '2016-03-07'),
    ('Hospital Bed', 'Medtronic PLC', 40, 'OPD', '2016-03-07'),
    ('Hospital Bed', 'Fresenius Medical Care', 20, 'OPD', '2018-05-17'),
    ('Hospital Bed', 'Medtronic PLC', 3, 'Nutrition', '2016-03-07'),
    ('Examination Table', 'Medtronic PLC', 5, 'Emergency', '2017-03-14'),
    ('Examination Table', 'Medtronic PLC', 7, 'Operation Theatre', '2017-03-14'),
    ('Examination Table', 'Medtronic PLC', 3, 'ICU', '2017-03-14'),
    ('Examination Table', 'Medtronic PLC', 7, 'Clinic', '2017-03-14'),
    ('Examination Table', 'Medtronic PLC', 3, 'OPD', '2017-03-14'),
    ('Examination Table', 'Medtronic PLC', 4, 'Cardiology', '2017-03-14'),
    ('Examination Table', 'Medtronic PLC', 3, 'ENT', '2017-03-14'),
    ('Stethoscope', 'Abbot Labs', 3, 'OPD', '2018-04-19'),
    ('BP Monitor', 'GE', 3, 'OPD', '2017-08-12'),
    ('Stretcher', 'Stryker Corporation', 5, 'Emergency', '2019-02-27'),
    ('Wheelchair', 'Siemens AG', 4, 'Emergency', '2018-11-20'),
    ('Wheelchair', 'Siemens AG', 3, 'Clinic', '2018-11-20'),
    ('Wheelchair', 'Siemens AG', 5, 'OPD', '2018-11-20');
    
INSERT INTO MEDICALREPORT VALUES
	(1,'2010-12-12','Blood','LabRoom1'),
	(2,'2009-10-14','Urine','LabRoom2'),
	(3,'2012-12-13','Urine','LabRoom2'),
	(4,'2008-12-04','Blood','LabRoom1'),
	(5,'2002-11-12','Imaging','LabRoom3'),
	(6,'2007-11-19','Endoscopy','LabRoom3'),
	(7,'2011-09-09','Blood','LabRoom1'),
	(8,'2009-01-01','Urine','LabRoom2'), 
	(9,'2010-12-14','Biopsy','LabRoom3'),
	(10,'2008-11-15','Cystoscopy','LabRoom1'),
	(11,'2005-05-15','Imaging','LabRoom3'),
	(12,'2018-11-20','Biopsy','LabRoom3'),
	(13,'2016-01-01','Cystoscopy','LabRoom1'),
	(14,'2017-11-22','Blood','LabRoom1'),
	(15,'2009-11-12','Urine','LabRoom2'),
	(16,'2003-12-13','Endoscopy','LabRoom3'),
	(17,'2004-03-15','Blood','LabRoom1'),
	(18,'2004-09-15','Blood','LabRoom1'),
	(19,'2005-12-25','Urine','LabRoom2'),
	(20,'2006-05-19','Imaging','LabRoom3');
    
INSERT INTO MEDICINE VALUES
    ('Levothyroxine', 'Cipla', 100, 'Levothroid', 'Solution', 100.00),
    ('Lisinopril', 'GSK', 1000, 'Prinivil', 'Tablets', 140.00),
    ('Atorvastatin', 'Cipla', 200, 'Lipitor', 'Solution', 75.00),
    ('Metformin', 'GSK', 150, 'Fortamet', 'Tablets', 320.00),
    ('Amlodipine', 'Pfizer', 50, 'Norvasc', 'Tablets', 1800.00),
    ('Metoprolol', 'Cipla', 70, 'Toprol XL', 'Solution', 70.00),
    ('Omeprazole', 'Cipla', 140, 'Prilosec', 'Solution', 140.00),
    ('Simvastatin', 'Roche', 2000, 'Zocor', 'Solution', 1500.00),
    ('Losartan', 'Pfizer', 85, 'Cozaar', 'Solution', 560.00),
    ('Albuterol', 'GSK', 150, 'Accuneb', 'Tablets', 1350.00),
    ('Hydrochlorothiazide', 'Cipla', 1500, 'Esidrix', 'Solution', 750.00),
    ('Hydrocodone', 'Pfizer', 50, 'Lortab', 'Tablets', 75.00),
    ('Gabapentin', 'Cipla', 45, 'Neurontin', 'Solution', 120.00),
    ('Sertraline', 'Cipla', 70, 'Zoloft', 'Solution', 1250.00),
    ('Furosemide', 'Cipla', 0, 'Lasix', 'Tablets', 1400.00),
    ('Fluticasone', 'GSK', 65, 'Flovent', 'Solution', 175.00),
    ('Acetaminophen', 'Roche', 200, 'Tylenol', 'Tablets', 760.00),
    ('Amoxicillin', 'Pfizer', 70, 'Amoxil', 'Tablets', 550.00),
    ('Alprazolam', 'Cipla', 100, 'Xanax', 'Tablets', 170.00),
    ('Atenolol', 'GSK', 240, 'Tenormin', 'Tablets', 250.00);
    
INSERT INTO PATIENT VALUES
	('76485468v','A+',1),
	('97584885v','O-',2),
	('88239628v','B+',3),
	('77335728v','B-',4),
	('73277202v','A-',5),
	('69151003v','B+',6),
	('83370447v','B+',7),
	('82336219v','A+',8),
	('78305068v','AB+',9),
	('68186156v','B-',10),
	('68759045v','A-',11),
	('65977649v','AB-',12),
	('84025110v','O-',13),
	('80837549v','AB-',14),
	('66021822v','A-',15),
	('66494433v','A+',16),
	('89015271v','B-',17),
	('72594121v','O-',18),
	('81536122v','O+',19),
	('68461249v','B+',20),
	('94194240v','O-',21),
	('68640994v','AB-',22),
	('74835370v','O-',23),
	('98195979v','B-',24),
	('73838935v','AB+',25),
	('80532352v','A+',26),
	('98882857v','O+',27),
	('79014832v','AB-',28),
	('82175938v','O-',29),
	('77545260v','B-',30),
	('71334426v','B+',31),
	('83922415v','AB+',32),
	('72572443v','A-',33),
	('96033325v','A+',34),
	('75318094v','O+',35),
	('75932024v','B-',36),
	('87996772v','O+',37),
	('70705948v','O+',38),
	('83943990v','B+',39),
	('93346786v','AB-',40),
	('92005314v','A-',41),
	('97648149v','A+',42),
	('79651507v','',43),
	('72359381v','AB+',44),
	('92663811v','A-',45),
	('83229888v','O-',46),
	('69145676v','AB-',47),
	('97104676v','B-',48),
	('88144076v','B+',49),
	('77147675v','AB+',50),
	('77318094v','A+',51);
    
INSERT INTO PATIENTALLERGY VALUES
	(11,'Food Allergy(Peanuts)'),
	(50,'Dust Allergies'),
	(6,'Food Allergy(Peanuts)'),
	(9,'lactose intolerance'),
	(22,'lactose intolerance'),
	(34,'Skin Allergies'),
	(41,'Skin Allergies'),
	(16,'Food Allergy(Peanuts)'),
	(37,'Mold Allergies'),
	(19,'Dust Allergies'),
	(46,'Drug Allergies'),
	(17,'Dust Allergies'),
	(11,'Latex Allergies'),
	(16,'lactose intolerance'),
	(23,'Dust Allergies'),
	(40,'Drug Allergies'),
	(15,'Latex Allergies'),
	(13,'Skin Allergies'),
	(29,'Mold Allergies'),
	(48,'Dust Allergies'),
	(44,'Latex Allergies'),
	(4,'Skin Allergies');
    
INSERT INTO EMPLOYEE VALUES
    ('83153586v', 'Physician', 1, 'OPD', 43, 20),
    ('97483173v', 'Pharmacist', 2, 'Pharmacy', 38, 29),
    ('67997652v', 'Therapist', 3, 'OPD', 36, 10),
    ('67904414v', 'Radiographer', 4, 'Radiology', 48, 0),
    ('74454262v', 'Physician', 5, 'OPD', 48, 4),
    ('81874966v', 'Pharmacist', 6, 'Pharmacy', 33, 24),
    ('79187585v', 'Dentist', 7, 'ICU', 37, 14),
    ('71264391v', 'Physiotherapist', 8, 'Physiotheropy', 45, 19),
    ('79672731v', 'Ambulance Driver', 9, 'Transport', 37, 10),
    ('70473890v', 'Social Worker', 10, 'OPD', 47, 5),
    ('81711352v', 'Ambulance Driver', 11, 'Transport', 38, 29),
    ('70349133v', 'Social Worker', 12, 'Clinic', 40, 22),
    ('69076622v', 'Social Worker', 13, 'Clinic', 40, 21),
    ('75511170v', 'Pharmacist', 14, 'Pharmacy', 44, 11),
    ('98494085v', 'Pharmacist', 15, 'Pharmacy', 41, 10),
    ('95435285v', 'Dentist', 16, 'ICU', 39, 20),
    ('70901619v', 'Dentist', 17, 'OPD', 37, 0),
    ('96629387v', 'Nurse', 18, 'Clinic', 49, 0),
    ('66819339v', 'Pharmacist', 19, 'Pharmacy', 48, 23),
    ('97385154v', 'Physician', 20, 'OPD', 46, 28),
    ('95058460v', 'Nurse', 21, 'Clinic', 46, 18),
    ('69677865v', 'Nurse', 22, 'ICU', 38, 17),
    ('97016105v', 'Nurse', 23, 'ICU', 37, 11),
    ('91703360v', 'Pharmacist', 24, 'Pharmacy', 40, 7),
    ('67144676v', 'Nurse', 25, 'Clinic', 41, 23),
    ('92123674v', 'Nurse', 26, 'Clinic', 42, 13);
    
INSERT INTO WARD VALUES
    (1, 'Orthopaedic', 12, 30, 7, '83153586v', '2015-05-25', '83219200v', '2018-07-01'),
    (2, 'Emergency', 21, 20, 3, '97385154v', '2016-04-03', '96478991v', '2017-06-10'),
    (3, 'ICU', 7, 10, 2, '75511170v', '2017-11-25', '72791039v', '2015-08-05'),
    (4, 'Cardiology', 11, 15, 2, '66819339v', '2016-11-23', '65543788v', '2017-09-11'),
    (5, 'ENT', 6, 8, 3, '71264391v', '2016-07-03', '96702025v', '2018-10-16'),
    (6, 'Urology', 5, 6, 1, '96629387v', '2018-05-05', '71291371v', '2017-11-23'),
    (7, NULL, 7, 8, 0, '97483173v', '2016-02-23', '77141787v', '2015-11-22'),
    (8, NULL, 5, 6, 3, '91703360v', '2017-06-09', '67123821v', '2015-03-21'),
    (9, NULL, 12, 15, 1, '81874966v', '2017-07-01', '93978079v', '2017-10-11'),
    (10, NULL, 8, 8, 6, '97016105v', '2015-09-13', '71477365v', '2018-02-27'),
    (11, NULL, 9, 8, 1, '79187585v', '2018-07-09', '93062119v', '2015-09-14'),
    (12, NULL, 10, 12, 1, '74454262v', '2017-11-24', '91037864v', '2016-09-10'),
    (13, NULL, 15, 24, 6, '98494085v', '2015-05-03', '77145676v', '2016-09-17'),
    (14, NULL, 5, 5, 1, '67997652v', '2015-09-06', '90026253v', '2016-07-25'),
    (15, NULL, 6, 6, 0, '69677865v', '2016-02-16', '88605672v', '2017-09-24'),
    (16, NULL, 7, 8, 0, '95435285v', '2017-10-07', '69781969v', '2015-09-10'),
    (17, NULL, 8, 10, 4, '95058460v', '2018-02-24', '92754335v', '2015-07-08'),
    (18, NULL, 7, 6, 3, '67904414v', '2018-11-07', '90014137v', '2016-02-18'),
    (19, NULL, 12, 8, 3, '70901619v', '2018-07-12', '71354304v', '2018-11-20'),
    (20, NULL, 5, 5, 1, '71264391v', '2017-10-08', '69104678v', '2015-11-25');
    
INSERT INTO WARDBUILDINGNO VALUES
    (1, 1),
    (1, 2),
    (1, 3),
    (2, 1),
    (2, 4),
    (3, 1),
    (3, 5),
    (4, 4),
    (4, 6),
    (4, 7),
    (5, 8),
    (6, 9),
    (7, 10),
    (8, 7),
    (9, 11),
    (10, 12),
    (11, 13),
    (12, 9),
    (13, 14),
    (14, 15);
    
INSERT INTO CONSUMEDIN VALUES
    ('CLINIC', 'Hydrochlorothiazide'),
    ('CLINIC', 'Amlodipine'),
    ('CLINIC', 'Hydrocodone'),
    ('CLINIC', 'Acetaminophen'),
    ('CLINIC', 'Sertraline'),
    ('CLINIC', 'Metformin'),
    ('CLINIC', 'Amoxicillin'),
    ('CLINIC', 'Albuterol'),
    ('CLINIC', 'Levothyroxine'),
    ('Emergency', 'Hydrochlorothiazide'),
    ('Emergency', 'Fluticasone'),
    ('Emergency', 'Atenolol'),
    ('Emergency', 'Omeprazole'),
    ('Emergency', 'Metformin'),
    ('Emergency', 'Amoxicillin'),
    ('OPD', 'Hydrocodone'),
    ('OPD', 'Atorvastatin'),
    ('OPD', 'Acetaminophen'),
    ('ICU', 'Atorvastatin'),
    ('Cardiology', 'Alprazolam');
    
INSERT INTO TREATSIN VALUES
    ('Emergency', '93062119v', 45, 20),
    ('OPD', '71291371v', 34, 17),
    ('Emergency', '69781969v', 44, 21),
    ('Clinic', '67123821v', 41, 20),
    ('OPD', '91037864v', 42, 11),
    ('Operation Theatre', '69781969v', 39, 0),
    ('Clinic', '71354304v', 37, 10),
    ('Clinic', '96980751v', 35, 6),
    ('Emergency', '67123821v', 48, 23),
    ('Cardiology', '90014137v', 38, 20),
    ('Clinic', '77145676v', 39, 15),
    ('Clinic', '77141787v', 44, 19),
    ('OPD', '93062119v', 40, 10),
    ('Clinic', '90026253v', 41, 10),
    ('Emergency', '65543788v', 42, 0),
    ('Clinic', '71477365v', 37, 0),
    ('Operation Theatre', '65543788v', 37, 14),
    ('ENT', '88605672v', 39, 19),
    ('Clinic', '69104678v', 40, 22),
    ('Operation Theatre', '67123821v', 47, 13);
    
INSERT INTO TREATSON VALUES
    ('76485468v', '77141787v', '2019-04-22', 'Infection'),
    ('78305068v', '71291371v', '2019-04-20', 'Common cold'),
    ('80837549v', '71291371v', '2018-04-15', 'Sore throat'),
    ('71334426v', '71354304v', '2019-11-06', 'Chest cold'),
    ('83370447v', '83219200v', '2019-08-09', 'Common cold'),
    ('79014832v', '71291371v', '2018-05-05', 'Allergy'),
    ('83922415v', '71291371v', '2019-04-10', 'Infection'),
    ('69151003v', '65543788v', '2019-10-28', 'Common cold'),
    ('97584885v', '71291371v', '2018-12-26', 'Sore throat'),
    ('82175938v', '65543788v', '2019-08-22', 'Common cold'),
    ('72572443v', '83219200v', '2019-12-11', 'Sore throat'),
    ('68759045v', '71291371v', '2018-04-05', 'Chest cold'),
    ('88239628v', '77141787v', '2019-03-11', 'Infection'),
    ('77545260v', '65543788v', '2019-04-07', 'Diarrhea'),
    ('84025110v', '83219200v', '2018-11-13', 'Allergy'),
    ('96033325v', '71291371v', '2019-04-01', 'Common cold'),
    ('65977649v', '65543788v', '2019-02-19', 'Chest cold'),
    ('68186156v', '71291371v', '2018-04-10', 'Sore throat'),
    ('77335728v', '71291371v', '2018-04-22', 'Infection'),
    ('73277202v', '71354304v', '2019-06-29', 'Common cold');
    
INSERT INTO REGISTERED VALUES
    ('72594121v', 1, '2019-03-14', 'Fracture', TRUE),
    ('66021822v', 3, '2019-08-13', 'Cancer', TRUE),
    ('68461249v', 1, '2019-10-12', 'Fracture', TRUE),
    ('74835370v', 2, '2019-06-02', 'Fracture', TRUE),
    ('66494433v', 6, '2019-01-12', 'Diabetes', TRUE),
    ('69145676v', 1, '2019-09-17', 'Fracture', TRUE),
    ('98882857v', 3, '2019-07-14', 'Pneumonia', TRUE),
    ('88144076v', 6, '2019-05-15', 'Diabetes', TRUE),
    ('98195979v', 2, '2019-08-01', 'Infection', TRUE),
    ('97104676v', 7, '2019-04-19', 'Heart failure', TRUE),
    ('77147675v', 1, '2019-08-18', 'Fracture', TRUE),
    ('89015271v', 7, '2019-02-25', 'Heart failure', TRUE),
    ('68640994v', 2, '2019-11-19', 'Poisoning', TRUE),
    ('83229888v', 6, '2019-07-16', 'Diabetes', TRUE),
    ('80532352v', 3, '2019-05-23', 'Cancer', TRUE),
    ('80837549v', 2, '2019-02-14', 'Fracture', TRUE),
    ('94194240v', 2, '2019-09-20', 'Heart failure', TRUE),
    ('77318094v', 7, '2019-10-22', 'Heart failure', TRUE),
    ('81536122v', 2, '2019-02-26', 'Poisoning', TRUE),
    ('73838935v', 2, '2019-05-03', 'Heart failure', TRUE);
    
INSERT INTO ISSUES VALUES
	(14,'88605672v',1),
	(23,'69781969v',2),
	(22,'72791039v',3),
	(1,'71477365v',4),
	(18,'69104678v',5),
	(50,'69781969v',6),
	(39,'65543788v',7),
	(6,'88605672v',8),
	(18,'98206252v',9),
	(49,'65543788v',10),
	(15,'93062119v',11),
	(22,'69781969v',12),
	(19,'71477365v',13),
	(26,'69781969v',14),
	(36,'98206252v',15),
	(47,'69104678v',16),
	(51,'88605672v',17),
	(48,'65543788v',18),
	(19,'93062119v',19),
	(17,'93062119v',20);
